id,subreddit,created_utc,Temporal
id0001,Sextortion,2025/12/15 13:56,No
id0002,Sextortion,2025/12/13 5:40,"S4,S5,S6"
id0003,Sextortion,2025/12/8 10:10,"S4,S5"
id0004,Sextortion,2025/12/6 19:51,"S1,S2,S4,S5"
id0005,Sextortion,2025/12/6 0:06,No
id0006,Sextortion,2025/12/3 0:17,"S2,S4,S5,S6"
id0007,Sextortion,2025/11/20 23:14,"S2,S3,S4,S5"
id0008,Sextortion,2025/11/12 4:59,"S3,S4,S5"
id0009,Sextortion,2025/11/11 14:15,No
id0010,Sextortion,2025/11/11 2:02,No
id0011,Sextortion,2025/11/10 14:54,"S3,S4,S5"
id0012,Sextortion,2025/10/27 20:28,"S2,S4,S5,S6"
id0013,Sextortion,2025/10/26 17:23,"S4,S5"
id0014,Sextortion,2025/10/17 0:50,No
id0015,Sextortion,2025/10/16 19:48,"S1,S2,S3,S4,S5"
id0016,Sextortion,2025/10/16 8:38,"S4,S5"
id0017,Sextortion,2025/10/14 5:50,"S1,S2,S4,S5"
id0018,Sextortion,2025/10/13 20:41,"S4,S5"
id0019,Sextortion,2025/9/30 23:14,"S1,S2,S3,S4,S5"
id0020,Sextortion,2025/9/30 0:52,"S4,S2,S5"
id0021,Sextortion,2025/9/29 5:41,No
id0022,Sextortion,2025/9/28 20:14,No
id0023,Sextortion,2025/9/25 1:47,"S1,S4,S3,S5,S6"
id0024,Sextortion,2025/9/7 21:42,No
id0026,Sextortion,2025/8/31 8:48,No
id0027,Sextortion,2025/8/24 3:39,No
id0028,Sextortion,2025/8/23 14:17,"S4,S5"
id0029,Sextortion,2025/8/22 8:12,No
id0030,Sextortion,2025/8/21 4:07,No
id0031,Sextortion,2025/8/18 0:36,No
id0032,Sextortion,2025/8/10 1:27,No
id0033,Sextortion,2025/8/9 23:08,"S2,S4,S2,S3,S5"
id0034,Sextortion,2025/8/8 6:02,"S4,S5"
id0035,Sextortion,2025/8/7 5:52,"S2,S4,S5,S6"
id0036,SextortionHelp,2025/7/31 17:43,"S4,S5"
id0037,Sextortion,2025/7/31 4:08,No
id0038,Sextortion,2025/7/30 14:33,"S3,S4,S5"
id0039,Sextortion,2025/7/28 14:00,No
id0040,Sextortion,2025/7/27 21:47,No
id0041,Sextortion,2025/7/23 7:37,"S4,S5"
id0042,Sextortion,2025/7/21 15:17,No
id0043,Sextortion,2025/7/19 3:31,"S4,S5"
id0044,Sextortion,2025/7/6 5:45,"S2,S4,S5,S6"
id0045,Sextortion,2025/7/5 0:34,"S1,S4,S2,S3,S5"
id0046,Sextortion,2025/7/3 19:22,No
id0047,Sextortion,2025/7/3 8:59,No
id0048,Sextortion,2025/6/27 19:53,No
id0049,Sextortion,2025/6/19 19:29,No
id0050,Sextortion,2025/6/12 13:18,"S1,S4,S2,S5"
id0051,Sextortion,2025/6/11 0:44,"S1,S2,S4,S5"
id0052,Sextortion,2025/6/6 3:01,No
id0053,Sextortion,2025/6/6 0:25,No
id0054,Sextortion,2025/6/5 18:27,"S2,S3,S4,S5"
id0055,Sextortion,2025/6/4 9:54,No
id0056,Sextortion,2025/6/2 7:09,"S2,S4,S5"
id0057,Sextortion,2025/5/31 13:18,"S2,S4,S5"
id0058,Sextortion,2025/5/30 18:30,"S1,S2,S3,S4,S5"
id0059,Sextortion,2025/5/29 2:37,"S2,S4,S5"
id0060,Sextortion,2025/5/28 10:15,"S4,S5"
id0061,Sextortion,2025/5/24 9:08,No
id0062,Sextortion,2025/5/23 22:15,"S4,S5"
id0063,Sextortion,2025/5/19 18:18,No
id0064,Sextortion,2025/5/12 21:04,No
id0065,Sextortion,2025/5/8 1:03,"S1,S2,S4,S5"
id0066,Sextortion,2025/4/12 11:35,"S2,S3,S4,S5"
id0067,Sextortion,2025/4/1 14:48,"S2,S3,S4,S5"
id0068,Sextortion,2025/3/31 7:55,"S4,S5"
id0069,Sextortion,2025/3/22 18:02,No
id0070,Sextortion,2025/3/19 17:32,"S2,S4,S5"
id0071,Sextortion,2025/3/5 2:11,"S4,S5"
id0072,Sextortion,2025/2/27 17:10,"S1,S4,S5"
id0073,Sextortion,2025/2/27 5:55,"S1,S2,S4,S5"
id0074,Sextortion,2025/2/16 22:13,No
id0075,Sextortion,2025/2/16 0:37,No
id0076,Sextortion,2025/2/12 17:10,"S4,S2,S5"
id0077,Sextortion,2025/2/7 9:36,"S1,S2,S3,S4,S5,S6"
id0078,Sextortion,2025/2/5 21:49,No
id0079,Sextortion,2025/2/2 22:50,"S1,S2,S4,S5,S6"
id0080,Sextortion,2025/1/28 12:10,"S1,S3,S4,S5"
id0081,Sextortion,2025/1/26 21:31,"S1,S3,S4,S5"
id0082,Sextortion,2025/1/23 3:48,"S4,S5"
id0083,Sextortion,2025/1/8 14:02,No
id0084,Sextortion,2025/1/4 21:32,"S2,S4,S5"
id0085,Sextortion,2025/1/2 4:40,No
id0086,Sextortion,2025/1/1 7:29,No
id0087,Sextortion,2024/12/30 19:23,"S3,S4,S5"
id0088,Sextortion,2024/12/22 19:13,"S2,S3,S4,S5"
id0089,Sextortion,2024/12/14 23:22,No
id0090,Sextortion,2024/12/12 15:06,"S1,S2,S3,S4,S5"
id0091,Sextortion,2024/12/10 4:32,"S2,S3,S4,S5"
id0092,Sextortion,2024/12/8 21:26,No
id0093,Sextortion,2024/12/7 15:00,"S1,S2,S3,S4,S5"
id0094,Sextortion,2024/12/1 17:21,No
id0095,Sextortion,2024/11/30 23:31,No
id0096,Sextortion,2024/11/12 11:23,"S4,S5,S6"
id0097,Sextortion,2024/11/9 23:10,No
id0098,Sextortion,2024/11/9 7:38,"S3,S4,S5"
id0099,Sextortion,2024/11/4 0:36,No
id0100,Sextortion,2024/11/3 12:09,"S1,S4,S5"
id0101,Sextortion,2024/11/3 4:13,"S3,S4,S5"
id0102,Sextortion,2024/11/2 13:29,No
id0103,Sextortion,2024/10/30 6:21,"S4,S2,S5"
id0104,Sextortion,2024/10/25 4:37,"S1,S4,S5"
id0105,Sextortion,2024/10/24 8:05,No
id0106,Sextortion,2024/10/20 20:10,"S4,S2,S5"
id0107,Sextortion,2024/10/19 20:27,"S3,S4,S5"
id0108,Sextortion,2024/10/19 18:59,No
id0109,Sextortion,2024/10/16 5:30,No
id0110,Sextortion,2024/10/8 19:45,"S2,S3,S4,S5,S6"
id0111,Sextortion,2024/10/6 1:57,"S1,S2,S3,S4,S5"
id0112,Sextortion,2024/9/23 23:38,"S2,S4,S5"
id0113,Sextortion,2024/9/22 16:20,"S4,S5"
id0114,Sextortion,2024/9/22 3:34,"S2,S3,S4,S5"
id0115,Sextortion,2024/9/21 2:23,"S4,S5"
id0116,Sextortion,2024/9/13 2:44,"S2,S4,S5"
id0117,Sextortion,2024/9/9 4:52,"S4,S5"
id0118,Sextortion,2024/8/29 16:02,No
id0119,Sextortion,2024/8/24 7:12,"S4,S5"
id0120,Sextortion,2024/8/24 5:53,"S3,S4,S5"
id0121,Sextortion,2024/8/22 19:25,No
id0122,Sextortion,2024/8/19 17:45,"S2,S3,S4,S5"
id0123,Sextortion,2024/7/30 23:58,No
id0124,Sextortion,2024/7/29 3:54,"S4,S5"
id0125,Sextortion,2024/7/23 7:26,"S2,S3,S4,S5,S6"
id0126,Sextortion,2024/7/21 0:28,No
id0127,Sextortion,2024/7/17 4:30,"S3,S4,S5"
id0128,Sextortion,2024/7/16 23:36,"S2,S1,S3,S4,S3,S5"
id0129,Sextortion,2024/7/15 2:54,"S2,S3,S4,S5,S6"
id0130,Sextortion,2024/7/14 18:21,No
id0131,Sextortion,2024/7/13 22:28,No
id0132,Sextortion,2024/7/12 14:31,"S2,S4,S2,S4,S3,S5"
id0133,Sextortion,2024/7/9 3:04,No
id0134,Sextortion,2024/7/9 2:44,"S2,S3,S4,S5"
id0135,Sextortion,2024/7/4 2:26,"S3,S4,S5"
id0136,Sextortion,2024/7/1 16:46,"S4,S5"
id0137,Sextortion,2024/6/27 10:47,"S2,S5"
id0138,Sextortion,2024/6/26 23:43,No
id0139,Sextortion,2024/6/23 12:10,No
id0140,Sextortion,2024/6/22 16:42,"S4,S2,S5"
id0141,Sextortion,2024/6/21 1:02,"S1,S3,S4,S5,S6"
id0142,Sextortion,2024/6/19 12:26,No
id0143,Sextortion,2024/6/15 18:56,No
id0144,Sextortion,2024/6/15 18:37,"S2,S4,S5,S6"
id0145,Sextortion,2024/6/13 4:28,"S1,S3,S4,S5"
id0146,Sextortion,2024/6/12 19:34,"S4,S5"
id0147,Sextortion,2024/6/11 17:40,"S2,S3,S4,S5"
id0148,Sextortion,2024/6/11 10:45,No
id0149,Sextortion,2024/6/9 7:43,No
id0150,Sextortion,2024/6/4 7:09,"S4,S2,S5"
id0151,Sextortion,2024/6/3 22:17,"S2,S3,S5"
id0152,Sextortion,2024/6/2 2:21,No
id0153,Sextortion,2024/5/29 3:07,"S4,S5"
id0154,Sextortion,2024/5/22 5:23,No
id0155,Sextortion,2024/5/19 3:20,"S4,S5"
id0156,Sextortion,2024/5/16 23:27,No
id0157,Sextortion,2024/5/16 21:18,No
id0158,Sextortion,2024/5/16 4:16,No
id0159,Sextortion,2024/5/12 23:42,No
id0160,Sextortion,2024/5/12 6:28,"S4,S5"
id0161,Sextortion,2024/5/10 23:14,"S2,S3,S4,S5"
id0162,Sextortion,2024/5/8 1:48,No
id0163,Sextortion,2024/5/5 4:23,No
id0164,Sextortion,2024/4/29 15:39,"S3,S4,S5"
id0165,Sextortion,2024/4/28 6:51,No
id0166,Sextortion,2024/4/27 19:55,No
id0167,Sextortion,2024/4/25 10:23,"S3,S4,S5,S6"
id0168,Sextortion,2024/4/25 1:05,"S1,S2,S3,S4,S5"
id0169,Sextortion,2024/4/21 23:43,No
id0170,Sextortion,2024/4/21 11:27,"S2,S3,S4,S5"
id0171,Sextortion,2024/4/20 15:23,No
id0172,Sextortion,2024/4/20 9:57,"S1,S2,S2,S3,S4,S5"
id0173,Sextortion,2025/12/14 13:12,No
id0174,Sextortion,2025/12/14 7:44,"S4,S5"
id0175,Sextortion,2025/12/14 3:34,No
id0176,Sextortion,2025/12/13 9:27,No
id0177,Sextortion,2025/12/11 15:27,"S2,S3,S4,S5"
id0178,Sextortion,2025/12/11 13:26,No
id0179,Sextortion,2025/12/11 6:54,No
id0180,Sextortion,2025/12/10 8:37,No
id0181,Sextortion,2025/12/9 22:45,"S1,S2,S3,S4,S5,S6"
id0182,Sextortion,2025/12/9 15:18,No
id0183,Sextortion,2025/12/8 14:04,No
id0184,Sextortion,2025/12/7 11:27,"S2,S3,S4,S5"
id0185,Sextortion,2025/12/7 4:35,"S4,S5"
id0186,Sextortion,2025/12/6 15:09,"S4,S5"
id0187,Sextortion,2025/12/6 11:09,No
id0188,Sextortion,2025/12/5 21:37,No
id0189,Sextortion,2025/12/5 16:57,"S4,S5"
id0190,Sextortion,2025/12/5 12:55,No
id0191,Sextortion,2025/12/5 9:30,No
id0192,Sextortion,2025/12/5 2:33,No
id0193,Sextortion,2025/12/4 20:50,No
id0194,Sextortion,2025/12/4 20:26,No
id0195,Sextortion,2025/12/3 23:44,"S4,S5"
id0196,Sextortion,2025/12/3 21:48,No
id0197,Sextortion,2025/12/3 15:26,"S2,S4,S5"
id0198,Sextortion,2025/12/2 22:13,"S2,S4,S5"
id0199,Sextortion,2025/12/2 9:34,No
id0200,Sextortion,2025/12/2 5:47,No
id0201,Sextortion,2025/11/30 19:35,"S2, S4,S5  "
id0202,Sextortion,2025/11/29 15:53,"S2,S4,S5,S6"
id0203,Sextortion,2025/11/29 15:15,"S1,S2, S4,S5"
id0204,Sextortion,2025/11/29 0:08,"S4,S5"
id0205,Sextortion,2025/11/28 20:06,No
id0206,Sextortion,2025/11/28 9:40,No
id0207,Sextortion,2025/11/28 3:31,"S4,S5"
id0208,Sextortion,2025/11/27 23:45,"S3,S4,S5"
id0209,Sextortion,2025/11/27 19:52,No
id0210,Sextortion,2025/11/27 11:06,"S2, S4,S5  "
id0211,Sextortion,2025/11/27 9:21,"S2, S4,S5,S6"
id0212,Sextortion,2025/11/27 1:49,No
id0213,Sextortion,2025/11/26 17:30,No
id0214,Sextortion,2025/11/26 6:42,"S3,S4,S5"
id0215,Sextortion,2025/11/26 5:51,No
id0216,Sextortion,2025/11/26 5:44,No
id0217,Sextortion,2025/11/26 3:52,"S2,S4,S5"
id0218,Sextortion,2025/11/24 21:45,"S4,S5"
id0219,Sextortion,2025/11/24 14:48,No
id0220,Sextortion,2025/11/24 9:49,"S4,S5,S6"
id0221,Sextortion,2025/11/23 14:50,"S3,S4,S5,S6"
id0222,SextortionHelp,2025/11/22 21:28,No
id0223,Sextortion,2025/11/22 1:18,"S1,S4,S2,S3,S5"
id0224,Sextortion,2025/11/21 23:47,No
id0225,Sextortion,2025/11/19 21:20,"S2,S3,S4,S5"
id0226,Sextortion,2025/11/19 17:07,"S2,S4,S5"
id0227,Sextortion,2025/11/19 2:54,"S4,S5"
id0228,Sextortion,2025/11/18 20:32,"S2,S3,S4,S5"
id0229,Sextortion,2025/11/18 6:00,No
id0230,Sextortion,2025/11/18 3:49,"S3,S4,S5"
id0231,Sextortion,2025/11/18 2:40,"S4,S5"
id0232,Sextortion,2025/11/18 2:21,No
id0233,Sextortion,2025/11/15 3:43,"S2,S3,S4,S5"
id0234,Sextortion,2025/11/14 22:41,"S2,S4,S5"
id0235,Sextortion,2025/11/14 20:57,No
id0236,Sextortion,2025/11/14 17:43,No
id0237,Sextortion,2025/11/12 1:55,No
id0238,Sextortion,2025/11/11 19:41,"S3,S4,S5"
id0239,Sextortion,2025/11/10 2:44,No
id0240,Sextortion,2025/11/10 2:01,"S2,S3,S4,S5"
id0241,Sextortion,2025/11/10 1:04,No
id0242,Sextortion,2025/11/9 9:51,No
id0243,Sextortion,2025/11/8 23:57,No
id0244,Sextortion,2025/11/8 18:20,"S3,S4,S5,S6"
id0245,Sextortion,2025/11/8 3:32,"S2,S3,S4,S5"
id0246,Sextortion,2025/11/8 2:29,No
id0247,Sextortion,2025/11/6 13:07,"S2,S3,S4,S5"
id0248,Sextortion,2025/11/6 9:48,"S2,S4,S5"
id0249,Sextortion,2025/11/6 3:03,No
id0250,Sextortion,2025/11/5 13:37,"S2,S4,S5"
id0251,Sextortion,2025/11/4 11:47,"S2,S3,S4,S5"
id0252,Sextortion,2025/11/4 1:38,No
id0253,Sextortion,2025/11/3 21:15,"S4,S5"
id0254,Sextortion,2025/11/3 14:12,"S3,S4,S5"
id0255,Sextortion,2025/11/3 14:09,No
id0256,Sextortion,2025/11/3 12:04,"S3,S4,S5,S6"
id0257,Sextortion,2025/11/2 12:02,"S4,S5"
id0258,Sextortion,2025/11/2 8:52,No
id0259,Sextortion,2025/10/30 18:49,"S3,S4,S5"
id0260,Sextortion,2025/10/29 18:26,"S3,S4,S5"
id0261,Sextortion,2025/10/28 22:51,"S3,S4,S5"
id0262,Sextortion,2025/10/28 1:22,"S4,S2,S3.S5"
id0263,Sextortion,2025/10/27 18:10,No
id0265,Sextortion,2025/10/26 21:56,"S2,S4,S5"
id0266,Sextortion,2025/10/26 2:48,"S4,S5"
id0267,Sextortion,2025/10/25 15:52,"S3,S4,S5"
id0268,Sextortion,2025/10/23 20:34,"S3,S4,S5"
id0269,Sextortion,2025/10/22 23:00,"S3,S4,S5"
id0270,Sextortion,2025/10/22 19:22,No
id0271,Sextortion,2025/10/22 13:31,No
id0272,Sextortion,2025/10/22 2:24,"S2,S3,S4,S5"
id0273,Sextortion,2025/10/21 12:46,No
id0274,Sextortion,2025/10/21 4:31,"S2,S3,S4,S5"
id0275,Sextortion,2025/10/20 21:02,"S4,S5,S6"
id0276,Sextortion,2025/10/20 2:41,"S4,S5"
id0277,Sextortion,2025/10/19 10:37,"S4,S5"
id0278,Sextortion,2025/10/18 15:43,"S3,S4,S5"
id0279,Sextortion,2025/10/18 13:11,"S4,S5"
id0280,Sextortion,2025/10/18 1:43,No
id0281,Sextortion,2025/10/16 18:51,"S4,S5"
id0282,Sextortion,2025/10/16 15:08,No
id0283,Sextortion,2025/10/16 12:59,"S4,S5"
id0284,Sextortion,2025/10/14 7:22,"S4,S5"
id0285,Sextortion,2025/10/14 4:06,No
id0286,Sextortion,2025/10/13 16:21,No
id0287,Sextortion,2025/10/13 14:51,"S4,S5,S6"
id0288,Sextortion,2025/10/13 12:55,No
id0289,Sextortion,2025/10/13 11:44,No
id0290,Sextortion,2025/10/13 8:19,No
id0291,Sextortion,2025/10/12 7:26,"S4,S5"
id0292,Sextortion,2025/10/12 1:50,No
id0293,Sextortion,2025/10/11 11:57,"S2,S3,S4,S5"
id0294,Sextortion,2025/10/11 4:26,"S3,S4,S5"
id0295,Sextortion,2025/10/10 23:49,No
id0296,Sextortion,2025/10/9 14:31,"S2,S3,S,4,S5"
id0297,Sextortion,2025/10/9 8:52,No
id0298,Sextortion,2025/10/9 0:13,No
id0299,Sextortion,2025/10/6 22:05,No
id0699,Sextortion,2024/10/10 2:10,"S2,S3,S4,S5"
id0700,Sextortion,2024/8/19 13:23,No
id0701,Sextortion,2024/7/9 20:33,"S4,S5"
id0702,Sextortion,2024/6/16 7:53,No
id0703,Sextortion,2024/4/21 11:26,"S2,S3,S4,S5,S6"
id0704,Sextortion,2024/4/18 14:04,No
id0705,Sextortion,2024/4/2 16:19,"S3,S4,S5"
id0706,Sextortion,2024/3/25 21:41,"S4,S5"
id0707,Sextortion,2024/3/1 0:17,"S2,S1,S4,S5"
id0708,Sextortion,2024/1/29 2:27,No
id0709,Sextortion,2024/1/19 18:20,No
id0710,Sextortion,2025/11/29 1:41,"S1,S2,S3,S4,S5"
id0711,Sextortion,2025/11/28 11:23,"S2,S4,S5"
id0712,Sextortion,2025/11/26 9:02,"S4,S5,S6"
id0713,Sextortion,2025/11/22 5:02,"S2,S3,S4,S5"
id0714,Sextortion,2025/11/21 1:57,"S4,S5"
id0715,Sextortion,2025/11/20 1:00,"S2,S3,S4,S5"
id0716,Sextortion,2025/11/18 12:26,"S2,S4,S5"
id0717,Sextortion,2025/11/14 1:01,"S4,S5"
id0718,Sextortion,2025/10/22 17:14,"S2,S3,S4,S5"
id0719,Sextortion,2025/10/14 1:51,No
id0720,Sextortion,2025/10/10 21:38,"S1,S2,S3,S4,S5"
id0721,Sextortion,2025/10/9 19:17,"S2,S4,S5"
id0722,Sextortion,2025/10/5 12:13,No
id0723,Sextortion,2025/10/3 20:55,"S2,S4,S5"
id0724,Sextortion,2025/10/3 7:09,"S2,S3,S4,S5"
id0725,Sextortion,2025/9/30 9:33,No
id0726,Sextortion,2025/9/26 11:22,"S2,S3,S4,S5,S6"
id0727,Sextortion,2025/9/15 17:13,"S2,S4,S5"
id0728,Sextortion,2025/9/9 21:25,"S2,S3,S4,S5"
id0729,Sextortion,2025/9/9 12:34,"S2,S4,S2,S3,S5"
id0730,Sextortion,2025/9/9 11:01,"S2,S3,S4,S5"
id0731,Sextortion,2025/9/2 10:43,"S2,S3,S4,S5"
id0732,Sextortion,2025/8/20 20:47,"S2,S3,S4,S5"
id0733,Sextortion,2025/8/20 12:41,"S4,S5,S6"
id0734,Sextortion,2025/8/19 12:46,No
id0735,Sextortion,2025/8/18 22:34,No
id0736,Sextortion,2025/8/17 7:36,"S3,S4,S5"
id0737,Sextortion,2025/8/15 0:39,No
id0738,Sextortion,2025/8/13 20:40,No
id0739,Sextortion,2025/8/11 11:40,No
id0740,Sextortion,2025/8/8 11:23,"S2,S3,S4,S5"
id0741,Sextortion,2025/8/7 19:18,"S2,S3,S4,S5,S6"
id0742,Sextortion,2025/8/7 7:52,"S2,S3,S4,S5"
id0743,Sextortion,2025/8/6 5:47,No
id0744,Sextortion,2025/7/27 4:05,"S2,S3,S4,S5,S6"
id0745,Sextortion,2025/7/25 18:43,No
id0746,Sextortion,2025/7/24 2:00,"S2,S3,S4,S5"
id0747,Sextortion,2025/7/23 17:05,"S4,S5"
id0748,Sextortion,2025/7/20 17:59,No
id0749,Sextortion,2025/7/18 14:30,No
id0800,Sextortion,2024/12/17 2:45,No
id0801,Sextortion,2024/12/14 7:22,"S2,S4,S5"
id0802,Sextortion,2024/12/12 12:52,No
id0803,Sextortion,2024/12/10 21:42,"S4,S5"
id0804,Sextortion,2024/12/7 22:34,"S4,S5"
id0805,Sextortion,2024/12/4 6:27,"S4,S5"
id0806,Sextortion,2024/12/3 13:40,No
id0807,Sextortion,2024/12/2 23:40,"S4,S5"
id0808,Sextortion,2024/11/29 21:14,"S2,S4,S5"
id0809,Sextortion,2024/11/27 18:36,"S3,S4,S5,S6"
id0810,Sextortion,2024/11/25 20:39,"S4,S3,S5"
id0811,Sextortion,2024/11/21 10:28,No
id0812,Sextortion,2024/11/20 17:00,"S4,S5,S3"
id0813,Sextortion,2024/11/13 20:57,"S2,S3,S4,S5"
id0814,Sextortion,2024/11/11 19:36,"S2,S3,S4,S5"
id0815,Sextortion,2024/11/9 3:45,"S4,S5"
id0816,Sextortion,2024/11/8 22:58,"S2,S3,S4,S5"
id0817,Sextortion,2024/11/8 5:42,"S4,S3,S5"
id0818,Sextortion,2024/11/2 18:10,No
id0819,Sextortion,2024/11/2 5:55,No
id0820,Sextortion,2024/10/28 3:57,No
id0821,Sextortion,2024/10/14 16:43,"S2,S3,S4,S5"
id0822,Sextortion,2024/10/12 14:04,"S2,S4,S5"
id0823,Sextortion,2024/10/10 17:21,"S2,S4,S5"
id0824,Sextortion,2024/10/4 13:44,No
id0825,Sextortion,2024/10/2 9:51,"S1,S3,S4,S5"
id0826,Sextortion,2024/9/29 5:41,No
id0827,Sextortion,2024/9/24 21:42,No
id0828,Sextortion,2024/9/24 5:21,No
id0829,Sextortion,2024/9/23 23:28,"S1,S3,S4,S5"
id0830,Sextortion,2024/9/12 20:18,"S4,S5"
id0831,Sextortion,2024/9/8 3:51,"S1,S2,S3,S4,S5"
id0832,Sextortion,2024/9/4 18:17,No
id0833,Sextortion,2024/8/30 23:02,"S2,S3,S4,S5,S6"
id0834,Sextortion,2024/8/27 9:13,No
id0835,Sextortion,2024/8/20 5:22,"S4,S5,S6"
id0836,Sextortion,2024/8/17 11:41,"S4,S5"
id0837,Sextortion,2024/8/15 1:06,"S3,S4,S5,S6"
id0838,Sextortion,2024/8/13 21:24,No
id0839,Sextortion,2024/8/12 22:59,"S1,S2,S4,S5"
id0840,Sextortion,2024/8/7 18:32,No
id0841,Sextortion,2024/8/7 10:07,No
id0842,Sextortion,2024/8/6 22:47,No
id0843,Sextortion,2024/8/6 10:13,No
id0844,Sextortion,2024/7/19 21:57,No
id0845,Sextortion,2024/7/17 8:34,"S2,S4,S5"
id0846,Sextortion,2024/6/27 23:43,"S4,S5"
id0847,Sextortion,2024/6/26 22:28,No
id0848,Sextortion,2024/6/22 19:07,"S1,S2,S4"
id0849,Sextortion,2024/6/8 9:21,"S4,S2,S3,S5"
id0999,Sextortion,2025/11/13 2:16,"S3, S4, S5"
id1000,Sextortion,2025/11/13 2:06,"S1,S2,S3,S4,S5,S6"
id1001,Sextortion,2025/11/12 22:51,"S4,S5,S6"
id1002,Sextortion,2025/11/12 5:21,"S4,S5"
id1003,Sextortion,2025/11/10 23:55,No
id1004,Sextortion,2025/11/10 5:00,"S4,S5"
id1005,Sextortion,2025/11/7 23:13,"S1,S2,S4,S3,S5,S6"
id1006,Sextortion,2025/11/7 19:52,"S1,S4,S5,S6"
id1007,Sextortion,2025/11/7 4:08,"S4,S5"
id1008,Sextortion,2025/11/6 15:21,"S3,S4,S5"
id1009,Sextortion,2025/11/6 10:30,"S4,S5,S6"
id1010,Sextortion,2025/11/6 0:14,No
id1011,Sextortion,2025/11/5 16:17,No
id1012,Sextortion,2025/11/5 15:40,"S4,S5"
id1013,Sextortion,2025/11/5 4:48,"S4,S5"
id1014,Sextortion,2025/11/4 14:32,"S1,S2,S3,S4,S5"
id1015,Sextortion,2025/11/4 6:53,"S4, S5"
id1016,Sextortion,2025/11/4 3:20,"S4,S6"
id1017,Sextortion,2025/11/4 2:44,"S4,S5,S6"
id1018,Sextortion,2025/11/3 6:18,"S1,S3,S4,S5,S6"
id1019,Sextortion,2025/11/2 0:22,"S4,S6"
id1020,Sextortion,2025/10/27 22:00,No
id1021,Sextortion,2025/10/22 20:22,"S1,S4,S5,S6"
id1022,Sextortion,2025/10/22 18:54,"S1,S4,S5,S6"
id1023,Sextortion,2025/10/22 18:47,"S1,S4,S5,S6"
id1024,Sextortion,2025/10/17 11:00,"S2,S3,S4"
id1025,Sextortion,2025/10/15 20:54,"S1,S2,S3,S4,S5"
id1026,Sextortion,2025/10/15 19:26,"S1,S4,S5"
id1027,Sextortion,2025/10/12 15:15,"S4,S5,S6"
id1028,Sextortion,2025/10/10 2:48,"S4,S5,S6"
id1029,Sextortion,2025/10/9 22:06,No
id1030,Sextortion,2025/10/9 1:31,"S1,S3,S4,S5,S6"
id1031,Sextortion,2025/10/8 0:32,"S3,S4,S5"
id1032,Sextortion,2025/10/7 17:17,"S1,S2,S3,S4,S5"
id1033,Sextortion,2025/10/7 3:18,"S4,S5"
id1034,Sextortion,2025/10/7 1:44,"S1,S4,S5,S6"
id1035,Sextortion,2025/10/6 5:16,"S4,S5,S6"
id1036,Sextortion,2025/10/5 21:15,"S1,S3,S4,S5"
id1037,Sextortion,2025/10/4 0:18,"S4,S5"
id1038,Sextortion,2025/10/3 4:08,"S1,S2,S3,S4,S5"
id1039,Sextortion,2025/9/29 17:55,"S3,S4,S5"
id1040,Sextortion,2025/9/29 16:05,No
id1041,Sextortion,2025/9/28 16:13,"S4,S5"
id1042,Sextortion,2025/9/28 14:11,"S4,S5"
id1043,Sextortion,2025/9/27 17:07,"S4,S5"
id1044,Sextortion,2025/9/27 0:04,"S2,S4,S5"
id1045,Sextortion,2025/9/25 20:42,"S1,S2,S3,S4,S5"
id1046,Sextortion,2025/9/25 3:53,"S3,S4,S5"
id1047,Sextortion,2025/9/21 8:53,"S1,S2,S3,S4,S5"
id1048,Sextortion,2025/9/19 18:38,"S4,S5,S6"
id1049,Sextortion,2025/9/19 4:12,"S4,S5,S6"
id1050,Sextortion,2025/9/19 2:47,No
id1051,Sextortion,2025/9/19 1:18,No
id1052,Sextortion,2025/9/18 9:50,"S2,S3,S4,S5"
id1053,Sextortion,2025/9/17 10:15,"S1,S2,S3,S4,S5,S6"
id1054,Sextortion,2025/9/16 13:03,"S1,S3,S4,S5"
id1055,Sextortion,2025/9/16 7:23,"S3,S4,S5,S6"
id1056,Sextortion,2025/9/15 10:30,"S4,S5"
id1057,Sextortion,2025/9/14 23:04,"S4,S5,S6"
id1058,Sextortion,2025/9/13 22:06,"S3,S4,S5"
id1059,Sextortion,2025/9/13 16:14,"S1,S4,S5"
id1060,Sextortion,2025/9/13 15:02,"S1,S4,S5"
id1061,Sextortion,2025/9/13 14:08,"S1,S2,S3,S4,S5,S6"
id1062,Sextortion,2025/9/13 4:22,"S4,S6"
id1063,Sextortion,2025/9/12 23:17,"S4,S5,S6"
id1064,Sextortion,2025/9/12 15:38,"S3,S4,S5,S6"
id1065,Sextortion,2025/9/11 21:20,No
id1066,Sextortion,2025/9/11 5:51,"S1,S2,S3,S4,S5,S6"
id1067,SextortionHelp,2025/7/13 16:05,"S3,S4,S5,S6"
id1068,Sextortion,2025/7/7 1:33,"S1,S2,S3,S4,S5,S6"
id1069,Sextortion,2024/4/27 4:31,"S4,S5"
id1070,Sextortion,2025/11/30 4:51,"S3,S4,S5,S6"
id1071,Sextortion,2025/11/26 19:04,"S1,S2,S3,S4,S5,S6"
id1072,Sextortion,2025/11/25 12:16,"S4,S5,S6"
id1073,Sextortion,2025/11/22 5:42,"S1,S2,S3,S4,S5,S6"
id1074,Sextortion,2025/11/21 0:34,No
id1075,Sextortion,2025/11/20 2:00,"S4,S5,S6"
id1076,Sextortion,2025/11/18 6:25,"S3,S4,S5,S6"
id1077,Sextortion,2025/11/6 14:44,No
id1078,Sextortion,2025/11/5 21:40,"S1,S5"
id1079,Sextortion,2025/11/5 21:37,"S4,S5,S6"
id1080,Sextortion,2025/11/4 19:13,"S1,S2,S3,S4,S5,S6"
id1081,Sextortion,2025/10/30 21:09,"S4,S5"
id1082,Sextortion,2025/10/27 14:24,No
id1083,Sextortion,2025/10/24 22:52,"S1,S2,S3,S4,S5"
id1084,Sextortion,2025/10/23 16:50,No
id1085,Sextortion,2025/10/23 1:11,No
id1086,Sextortion,2025/10/23 0:51,No
id1087,Sextortion,2025/10/16 10:47,"S4,S5,S6"
id1088,Sextortion,2025/10/15 22:47,"S1,S2,S3,S4,S5,S6"
id1089,Sextortion,2025/10/13 2:22,"S4,S5,S6"
id1090,Sextortion,2025/10/12 13:59,"S3,S4,S5,S6"
id1091,Sextortion,2025/10/7 12:57,"S3,S4,S5,S6"
id1092,Sextortion,2025/10/6 21:25,"S3,S4,S5,S6"
id1093,Sextortion,2025/10/6 18:23,"S1,S4,S5"
id1094,Sextortion,2025/10/4 4:07,"S1,S3,S4,S5,S6"
id1095,Sextortion,2025/10/3 16:35,"S3,S5,S6"
id1096,Sextortion,2025/10/3 5:35,"S1,S2,S3,S4,S5,S6"
id1097,Sextortion,2025/10/2 15:28,No
id1098,Sextortion,2025/10/1 21:49,No
id1099,Sextortion,2025/9/29 5:08,"S1,S2,S4,S5,S6"
id1100,Sextortion,2025/9/25 13:50,No
